timeOpen;timeClose;timeHigh;timeLow;name;open;high;low;close;volume;marketCap;circulatingSupply;timestamp
"2026-04-20T00:00:00.000Z";"2026-04-20T23:59:59.999Z";"2026-04-20T15:43:00.000Z";"2026-04-20T03:48:00.000Z";"2787";3.0291870178;3.3642104346;2.6862644042;3.2818097094;702055092.5779263;3281905985.4807787;1000000000;"2026-04-20T23:59:59.999Z"
"2026-04-19T00:00:00.000Z";"2026-04-19T23:59:59.999Z";"2026-04-19T01:02:00.000Z";"2026-04-19T10:41:00.000Z";"2787";3.2142623772;3.394228332;2.4594213405;3.0293493775;1222733353.925923;3029187017.7999334;1000000000;"2026-04-19T23:59:59.999Z"
"2026-04-18T00:00:00.000Z";"2026-04-18T23:59:59.999Z";"2026-04-18T07:30:00.000Z";"2026-04-18T00:01:00.000Z";"2787";2.7006415388;3.8005015536;2.6945000078;3.2146468518;1861240883.9247258;3214262377.171464;1000000000;"2026-04-18T23:59:59.999Z"
"2026-04-17T00:00:00.000Z";"2026-04-17T23:59:59.999Z";"2026-04-17T22:19:00.000Z";"2026-04-17T04:40:00.000Z";"2787";2.3488786809;2.773201435;2.2142324108;2.7020582019;1029959045.0691395;2702107190.6190248;1000000000;"2026-04-17T23:59:59.999Z"
"2026-04-16T00:00:00.000Z";"2026-04-16T23:59:59.999Z";"2026-04-16T10:37:00.000Z";"2026-04-16T14:02:00.000Z";"2787";2.324553041;2.5092012531;2.0824374271;2.3472076559;922227143.7661389;2347811227.9392247;1000000000;"2026-04-16T23:59:59.999Z"
"2026-04-15T00:00:00.000Z";"2026-04-15T23:59:59.999Z";"2026-04-15T02:19:00.000Z";"2026-04-15T09:22:00.000Z";"2787";2.3475113623;2.6438972674;1.8177458209;2.3258534454;2036570559.4770246;2323785951.824229;1000000000;"2026-04-15T23:59:59.999Z"
"2026-04-14T00:00:00.000Z";"2026-04-14T23:59:59.999Z";"2026-04-14T14:01:00.000Z";"2026-04-14T00:28:00.000Z";"2787";1.4105075048;2.4478275887;1.344378267;2.3480225385;2027689436.9452884;2352453636.53473;1000000000;"2026-04-14T23:59:59.999Z"
"2026-04-13T00:00:00.000Z";"2026-04-13T23:59:59.999Z";"2026-04-13T15:16:00.000Z";"2026-04-13T04:14:00.000Z";"2787";1.213745182;1.6274026922;1.1413709538;1.4098402131;1182990825.4707768;1410011894.34962;1000000000;"2026-04-13T23:59:59.999Z"
"2026-04-12T00:00:00.000Z";"2026-04-12T23:59:59.999Z";"2026-04-12T21:02:00.000Z";"2026-04-12T03:39:00.000Z";"2787";0.9553778626;1.251825385;0.8498181562;1.2135767203;511153126.41720724;1213745182.0182173;1000000000;"2026-04-12T23:59:59.999Z"
"2026-04-11T00:00:00.000Z";"2026-04-11T23:59:59.999Z";"2026-04-11T21:25:00.000Z";"2026-04-11T01:03:00.000Z";"2787";0.8016917933;1.0090070823;0.7585132785;0.9553778626;571231415.2994481;955377862.6720935;1000000000;"2026-04-11T23:59:59.999Z"
"2026-04-10T00:00:00.000Z";"2026-04-10T23:59:59.999Z";"2026-04-10T21:38:00.000Z";"2026-04-10T00:01:00.000Z";"2787";0.5402565519;0.8156195562;0.5394280092;0.8019941202;414080811.74578935;802149701.638833;1000000000;"2026-04-10T23:59:59.999Z"
"2026-04-09T00:00:00.000Z";"2026-04-09T23:59:59.999Z";"2026-04-09T16:28:00.000Z";"2026-04-09T11:19:00.000Z";"2787";0.551135817;0.5649254441;0.5066472032;0.5402565519;162151036.03602585;540114210.5850525;1000000000;"2026-04-09T23:59:59.999Z"
"2026-04-08T00:00:00.000Z";"2026-04-08T23:59:59.999Z";"2026-04-08T12:56:00.000Z";"2026-04-08T01:59:00.000Z";"2787";0.4931302522;0.7216976851;0.4612490466;0.5511358276;528573322.9506317;553338714.1551203;1000000000;"2026-04-08T23:59:59.999Z"
"2026-04-07T00:00:00.000Z";"2026-04-07T23:59:59.999Z";"2026-04-07T17:35:00.000Z";"2026-04-07T01:47:00.000Z";"2787";0.4889849382;0.5040244469;0.4560349822;0.4936126995;137147519.18520045;494942437.9825517;1000000000;"2026-04-07T23:59:59.999Z"
"2026-04-06T00:00:00.000Z";"2026-04-06T23:59:59.999Z";"2026-04-06T21:41:00.000Z";"2026-04-06T03:42:00.000Z";"2787";0.4747057364;0.5371879957;0.4403929808;0.4891110699;237396795.34715694;488992042.95147926;1000000000;"2026-04-06T23:59:59.999Z"
"2026-04-05T00:00:00.000Z";"2026-04-05T23:59:59.999Z";"2026-04-05T23:53:00.000Z";"2026-04-05T07:46:00.000Z";"2787";0.394832913;0.4766862275;0.3893965815;0.4745493291;132919893.24475732;474705736.4013369;1000000000;"2026-04-05T23:59:59.999Z"
"2026-04-04T00:00:00.000Z";"2026-04-04T23:59:59.999Z";"2026-04-04T22:52:00.000Z";"2026-04-04T07:44:00.000Z";"2787";0.38976248;0.4102194464;0.3684276929;0.394832913;87614225.08927219;394832913.0695829;1000000000;"2026-04-04T23:59:59.999Z"
"2026-04-03T00:00:00.000Z";"2026-04-03T23:59:59.999Z";"2026-04-03T23:33:00.000Z";"2026-04-03T00:17:00.000Z";"2787";0.3310242876;0.3945317751;0.3303569947;0.3897655337;217660711.17098448;389926705.05033684;1000000000;"2026-04-03T23:59:59.999Z"
"2026-04-02T00:00:00.000Z";"2026-04-02T23:59:59.999Z";"2026-04-02T07:49:00.000Z";"2026-04-02T13:52:00.000Z";"2787";0.3254973937;0.3349334131;0.3072204887;0.3310208971;71195834.47047777;330370469.46246964;1000000000;"2026-04-02T23:59:59.999Z"
"2026-04-01T00:00:00.000Z";"2026-04-01T23:59:59.999Z";"2026-04-01T19:46:00.000Z";"2026-04-01T04:26:00.000Z";"2787";0.3148420957;0.3355029413;0.3005634353;0.3254903651;100523863.40408559;326572596.12206644;1000000000;"2026-04-01T23:59:59.999Z"
"2026-03-31T00:00:00.000Z";"2026-03-31T23:59:59.999Z";"2026-03-31T09:26:00.000Z";"2026-03-31T10:55:00.000Z";"2787";0.3065847699;0.3220441321;0.3048816787;0.3147594362;55095125.18212398;315654921.4726192;1000000000;"2026-03-31T23:59:59.999Z"
"2026-03-30T00:00:00.000Z";"2026-03-30T23:59:59.999Z";"2026-03-30T15:45:00.000Z";"2026-03-30T00:18:00.000Z";"2787";0.2964662679;0.3158783104;0.2938237614;0.3064854385;61762456.434708185;306555941.0193804;1000000000;"2026-03-30T23:59:59.999Z"
"2026-03-29T00:00:00.000Z";"2026-03-29T23:59:59.999Z";"2026-03-29T15:05:00.000Z";"2026-03-29T00:42:00.000Z";"2787";0.2827196451;0.3218936813;0.2646065089;0.2964505056;96293236.59316994;296468412.59054095;1000000000;"2026-03-29T23:59:59.999Z"
"2026-03-28T00:00:00.000Z";"2026-03-28T23:59:59.999Z";"2026-03-28T00:13:00.000Z";"2026-03-28T21:47:00.000Z";"2787";0.2870308736;0.2885421255;0.2787471066;0.2827885737;47785354.15752296;282719645.2048237;1000000000;"2026-03-28T23:59:59.999Z"
"2026-03-27T00:00:00.000Z";"2026-03-27T23:59:59.999Z";"2026-03-27T02:11:00.000Z";"2026-03-27T16:40:00.000Z";"2787";0.3237418677;0.3259109661;0.2839502712;0.2870308736;69480887.74331644;287016259.8546434;1000000000;"2026-03-27T23:59:59.999Z"
"2026-03-26T00:00:00.000Z";"2026-03-26T23:59:59.999Z";"2026-03-26T00:25:00.000Z";"2026-03-26T10:10:00.000Z";"2787";0.3356075953;0.33924715;0.3180738185;0.3237396152;56172284.441113256;323271208.03041494;1000000000;"2026-03-26T23:59:59.999Z"
"2026-03-25T00:00:00.000Z";"2026-03-25T23:59:59.999Z";"2026-03-25T00:55:00.000Z";"2026-03-25T20:18:00.000Z";"2787";0.3596785405;0.3648146416;0.3275941948;0.3355783767;58241519.17594224;335179667.0647674;1000000000;"2026-03-25T23:59:59.999Z"
"2026-03-24T00:00:00.000Z";"2026-03-24T23:59:59.999Z";"2026-03-24T21:16:00.000Z";"2026-03-24T01:15:00.000Z";"2787";0.3485691734;0.3642008986;0.3340736133;0.3596737582;92412505.89548855;359041913.62775433;1000000000;"2026-03-24T23:59:59.999Z"
"2026-03-23T00:00:00.000Z";"2026-03-23T23:59:59.999Z";"2026-03-23T13:06:00.000Z";"2026-03-23T07:29:00.000Z";"2787";0.3329729481;0.3780073887;0.3036536138;0.3485234526;154126180.84582415;348868070.0613124;1000000000;"2026-03-23T23:59:59.999Z"
"2026-03-22T00:00:00.000Z";"2026-03-22T23:59:59.999Z";"2026-03-22T02:34:00.000Z";"2026-03-22T07:47:00.000Z";"2787";0.3373103615;0.3425283154;0.3073691851;0.3328974288;88984573.3376001;332972948.1039363;1000000000;"2026-03-22T23:59:59.999Z"
"2026-03-21T00:00:00.000Z";"2026-03-21T23:59:59.999Z";"2026-03-21T04:18:00.000Z";"2026-03-21T23:59:00.000Z";"2787";0.3607488629;0.3696582281;0.3358483953;0.3373279689;55482832.115968056;337310361.60537636;1000000000;"2026-03-21T23:59:59.999Z"
"2026-03-20T00:00:00.000Z";"2026-03-20T23:59:59.999Z";"2026-03-20T01:11:00.000Z";"2026-03-20T19:34:00.000Z";"2787";0.399524678;0.4059190796;0.3501921996;0.3607488629;71960550.46380696;361487501.3204498;1000000000;"2026-03-20T23:59:59.999Z"
"2026-03-19T00:00:00.000Z";"2026-03-19T23:59:59.999Z";"2026-03-19T10:19:00.000Z";"2026-03-19T16:36:00.000Z";"2787";0.4105568357;0.4203557296;0.3965817116;0.3995189157;52409828.942904726;397935379.8143392;1000000000;"2026-03-19T23:59:59.999Z"
"2026-03-18T00:00:00.000Z";"2026-03-18T23:59:59.999Z";"2026-03-18T03:37:00.000Z";"2026-03-18T15:16:00.000Z";"2787";0.4114453466;0.4329133576;0.3918575017;0.4105568357;72544696.53562602;411381169.0512635;1000000000;"2026-03-18T23:59:59.999Z"
"2026-03-17T00:00:00.000Z";"2026-03-17T23:59:59.999Z";"2026-03-17T03:28:00.000Z";"2026-03-17T20:07:00.000Z";"2787";0.4325007563;0.4437188509;0.4008726667;0.4114453466;76295259.43297222;412003949.48553205;1000000000;"2026-03-17T23:59:59.999Z"
"2026-03-16T00:00:00.000Z";"2026-03-16T23:59:59.999Z";"2026-03-16T09:37:00.000Z";"2026-03-16T00:42:00.000Z";"2787";0.4270158585;0.4414016011;0.4226791606;0.4324995123;75717413.81129259;432525842.6942028;1000000000;"2026-03-16T23:59:59.999Z"
"2026-03-15T00:00:00.000Z";"2026-03-15T23:59:59.999Z";"2026-03-15T22:49:00.000Z";"2026-03-15T04:00:00.000Z";"2787";0.4117810936;0.4375373483;0.408692662;0.4270158585;51866773.133837774;427015858.6073426;1000000000;"2026-03-15T23:59:59.999Z"
"2026-03-14T00:00:00.000Z";"2026-03-14T23:59:59.999Z";"2026-03-14T00:07:00.000Z";"2026-03-14T06:28:00.000Z";"2787";0.4184930434;0.4208659878;0.3970343191;0.4117810936;58216488.06428999;411781093.61990607;1000000000;"2026-03-14T23:59:59.999Z"
"2026-03-13T00:00:00.000Z";"2026-03-13T23:59:59.999Z";"2026-03-13T00:38:00.000Z";"2026-03-13T22:35:00.000Z";"2787";0.4334817951;0.4413095123;0.4100346099;0.4184926062;69803118.08419067;416818246.06326395;1000000000;"2026-03-13T23:59:59.999Z"
"2026-03-12T00:00:00.000Z";"2026-03-12T23:59:59.999Z";"2026-03-12T13:19:00.000Z";"2026-03-12T06:17:00.000Z";"2787";0.4305295786;0.4416862643;0.4183378196;0.4334817641;57540162.32365223;433311406.3067042;1000000000;"2026-03-12T23:59:59.999Z"
"2026-03-11T00:00:00.000Z";"2026-03-11T23:59:59.999Z";"2026-03-11T13:39:00.000Z";"2026-03-11T03:56:00.000Z";"2787";0.4341030278;0.4551078169;0.4275541058;0.4306095616;80137877.20081025;431200488.21096134;1000000000;"2026-03-11T23:59:59.999Z"
"2026-03-10T00:00:00.000Z";"2026-03-10T23:59:59.999Z";"2026-03-10T18:36:00.000Z";"2026-03-10T13:43:00.000Z";"2787";0.4344337479;0.4437236954;0.4239079736;0.4341030278;69933470.95722029;436015681.8675333;1000000000;"2026-03-10T23:59:59.999Z"
"2026-03-09T00:00:00.000Z";"2026-03-09T23:59:59.999Z";"2026-03-09T22:04:00.000Z";"2026-03-09T01:06:00.000Z";"2787";0.4231739662;0.4408047328;0.4209205604;0.4343873969;67338253.14003924;433770835.9664058;1000000000;"2026-03-09T23:59:59.999Z"
"2026-03-08T00:00:00.000Z";"2026-03-08T23:59:59.999Z";"2026-03-08T21:35:00.000Z";"2026-03-08T14:44:00.000Z";"2787";0.406174314;0.4301594721;0.4054057876;0.4231739662;69948057.14285757;423176420.56135345;1000000000;"2026-03-08T23:59:59.999Z"
"2026-03-07T00:00:00.000Z";"2026-03-07T23:59:59.999Z";"2026-03-07T00:28:00.000Z";"2026-03-07T23:03:00.000Z";"2787";0.432871826;0.4472319705;0.4018170001;0.4061712322;75221092.75840968;406174314.0247931;1000000000;"2026-03-07T23:59:59.999Z"
"2026-03-06T00:00:00.000Z";"2026-03-06T23:59:59.999Z";"2026-03-06T21:53:00.000Z";"2026-03-06T00:02:00.000Z";"2787";0.3958360947;0.4517030532;0.394691802;0.4329892222;106419678.0300478;432539175.9742811;1000000000;"2026-03-06T23:59:59.999Z"
"2026-03-05T00:00:00.000Z";"2026-03-05T23:59:59.999Z";"2026-03-05T05:16:00.000Z";"2026-03-05T17:48:00.000Z";"2787";0.4189310232;0.4274073039;0.3847147757;0.3957843767;96701746.04137458;396180724.6017482;1000000000;"2026-03-05T23:59:59.999Z"
"2026-03-04T00:00:00.000Z";"2026-03-04T23:59:59.999Z";"2026-03-04T15:59:00.000Z";"2026-03-04T03:35:00.000Z";"2787";0.4229582568;0.4404065677;0.4045020474;0.4189310232;109019764.27357686;419068334.2141673;1000000000;"2026-03-04T23:59:59.999Z"
"2026-03-03T00:00:00.000Z";"2026-03-03T23:59:59.999Z";"2026-03-03T03:58:00.000Z";"2026-03-03T14:50:00.000Z";"2787";0.4138658477;0.4304906143;0.4106269224;0.4229438738;80644275.74852577;421873308.46667904;1000000000;"2026-03-03T23:59:59.999Z"
"2026-03-02T00:00:00.000Z";"2026-03-02T23:59:59.999Z";"2026-03-02T15:48:00.000Z";"2026-03-02T23:41:00.000Z";"2787";0.4392109112;0.4629478901;0.4130589662;0.4139047667;97209039.35085775;412402208.83595204;1000000000;"2026-03-02T23:59:59.999Z"
"2026-03-01T00:00:00.000Z";"2026-03-01T23:59:59.999Z";"2026-03-01T02:16:00.000Z";"2026-03-01T20:42:00.000Z";"2787";0.4804113829;0.4854312653;0.4304461406;0.4392109112;90815393.31407629;439213472.95404106;1000000000;"2026-03-01T23:59:59.999Z"
"2026-02-28T00:00:00.000Z";"2026-02-28T23:59:59.999Z";"2026-02-28T00:00:00.000Z";"2026-02-28T07:01:00.000Z";"2787";0.5160876501;0.5173862925;0.3982607341;0.4804113829;259571882.20345852;480411382.90805006;1000000000;"2026-02-28T23:59:59.999Z"
"2026-02-27T00:00:00.000Z";"2026-02-27T23:59:59.999Z";"2026-02-27T08:12:00.000Z";"2026-02-27T00:47:00.000Z";"2787";0.4483637727;0.5394195234;0.4421805925;0.5160852366;224588188.79180416;514815905.1910289;1000000000;"2026-02-27T23:59:59.999Z"
"2026-02-26T00:00:00.000Z";"2026-02-26T23:59:59.999Z";"2026-02-26T23:02:00.000Z";"2026-02-26T17:52:00.000Z";"2787";0.4245368791;0.4536441188;0.41927323;0.4483659179;104356726.85174039;450211938.80762166;1000000000;"2026-02-26T23:59:59.999Z"
"2026-02-25T00:00:00.000Z";"2026-02-25T23:59:59.999Z";"2026-02-25T01:23:00.000Z";"2026-02-25T14:39:00.000Z";"2787";0.4311965611;0.4628126848;0.4074944974;0.4245215682;127672207.92056286;425439162.9130452;1000000000;"2026-02-25T23:59:59.999Z"
"2026-02-24T00:00:00.000Z";"2026-02-24T23:59:59.999Z";"2026-02-24T19:12:00.000Z";"2026-02-24T07:01:00.000Z";"2787";0.4013216963;0.4406150113;0.3884172451;0.4311965611;129363038.82585298;432743685.0133019;1000000000;"2026-02-24T23:59:59.999Z"
"2026-02-23T00:00:00.000Z";"2026-02-23T23:59:59.999Z";"2026-02-23T00:56:00.000Z";"2026-02-23T17:53:00.000Z";"2787";0.4607076557;0.4704743949;0.3662781757;0.4013216963;185402654.03244415;401319372.81905895;1000000000;"2026-02-23T23:59:59.999Z"
"2026-02-22T00:00:00.000Z";"2026-02-22T23:59:59.999Z";"2026-02-22T03:35:00.000Z";"2026-02-22T21:21:00.000Z";"2787";0.5803197527;0.5860494992;0.4386827454;0.4607076557;188029258.09547728;460706988.8582806;1000000000;"2026-02-22T23:59:59.999Z"
"2026-02-21T00:00:00.000Z";"2026-02-21T23:59:59.999Z";"2026-02-21T04:44:00.000Z";"2026-02-21T23:16:00.000Z";"2787";0.613472498;0.6251973161;0.5755542615;0.5802500639;82887303.927751;580319752.7341945;1000000000;"2026-02-21T23:59:59.999Z"
"2026-02-20T00:00:00.000Z";"2026-02-20T23:59:59.999Z";"2026-02-20T09:08:00.000Z";"2026-02-20T04:32:00.000Z";"2787";0.5928883237;0.6218226359;0.5789936223;0.613472498;101828629.72002962;613476937.8716977;1000000000;"2026-02-20T23:59:59.999Z"
"2026-02-19T00:00:00.000Z";"2026-02-19T23:59:59.999Z";"2026-02-19T06:11:00.000Z";"2026-02-19T15:58:00.000Z";"2787";0.6267018163;0.6649620295;0.5686943802;0.5930049518;112805859.73065647;592862578.8126777;1000000000;"2026-02-19T23:59:59.999Z"
"2026-02-18T00:00:00.000Z";"2026-02-18T23:59:59.999Z";"2026-02-18T06:08:00.000Z";"2026-02-18T23:59:00.000Z";"2787";0.6674306935;0.6868862344;0.6263869197;0.6267032704;83878581.01506446;626715423.5007677;1000000000;"2026-02-18T23:59:59.999Z"
"2026-02-17T00:00:00.000Z";"2026-02-17T23:59:59.999Z";"2026-02-17T03:34:00.000Z";"2026-02-17T14:55:00.000Z";"2787";0.685464776;0.7018203693;0.6598346225;0.6674306935;79366275.71703947;667430693.5305727;1000000000;"2026-02-17T23:59:59.999Z"
"2026-02-16T00:00:00.000Z";"2026-02-16T23:59:59.999Z";"2026-02-16T10:11:00.000Z";"2026-02-16T21:46:00.000Z";"2787";0.7133985117;0.775113412;0.6746821179;0.685464776;122348523.21410944;685464776.0742736;1000000000;"2026-02-16T23:59:59.999Z"
"2026-02-15T00:00:00.000Z";"2026-02-15T23:59:59.999Z";"2026-02-15T05:18:00.000Z";"2026-02-15T20:05:00.000Z";"2787";0.7821067362;0.8325009717;0.7004334081;0.7134398528;146738505.58697742;713398511.7071152;1000000000;"2026-02-15T23:59:59.999Z"
"2026-02-14T00:00:00.000Z";"2026-02-14T23:59:59.999Z";"2026-02-14T22:48:00.000Z";"2026-02-14T06:14:00.000Z";"2787";0.6947489247;0.7913298117;0.6882946483;0.7821067362;120412020.53598894;782106736.2449666;1000000000;"2026-02-14T23:59:59.999Z"
"2026-02-13T00:00:00.000Z";"2026-02-13T23:59:59.999Z";"2026-02-13T16:57:00.000Z";"2026-02-13T06:28:00.000Z";"2787";0.6975607717;0.7174639119;0.6696955401;0.6947489247;88409988.64046283;693949455.4000148;1000000000;"2026-02-13T23:59:59.999Z"
"2026-02-12T00:00:00.000Z";"2026-02-12T23:59:59.999Z";"2026-02-12T10:58:00.000Z";"2026-02-12T16:35:00.000Z";"2787";0.6898351094;0.7181326318;0.6681870613;0.6974632549;98516598.43693358;698834449.1622839;1000000000;"2026-02-12T23:59:59.999Z"
"2026-02-11T00:00:00.000Z";"2026-02-11T23:59:59.999Z";"2026-02-11T02:05:00.000Z";"2026-02-11T06:54:00.000Z";"2787";0.7017143597;0.7212093778;0.6595756442;0.689832414;125264502.13127232;689595628.3803092;1000000000;"2026-02-11T23:59:59.999Z"
"2026-02-10T00:00:00.000Z";"2026-02-10T23:59:59.999Z";"2026-02-10T09:22:00.000Z";"2026-02-10T07:01:00.000Z";"2787";0.6881462564;0.7052406108;0.6627722324;0.7017143597;106041893.4929261;702892192.8151573;1000000000;"2026-02-10T23:59:59.999Z"
"2026-02-09T00:00:00.000Z";"2026-02-09T23:59:59.999Z";"2026-02-09T04:30:00.000Z";"2026-02-09T14:34:00.000Z";"2787";0.6598184375;0.7409241699;0.6437127544;0.6881462564;141743136.3904985;689781504.743965;1000000000;"2026-02-09T23:59:59.999Z"
"2026-02-08T00:00:00.000Z";"2026-02-08T23:59:59.999Z";"2026-02-08T21:06:00.000Z";"2026-02-08T00:12:00.000Z";"2787";0.6307054357;0.6815334355;0.6272409862;0.6601846047;115852131.25485408;659818437.5166332;1000000000;"2026-02-08T23:59:59.999Z"
"2026-02-07T00:00:00.000Z";"2026-02-07T23:59:59.999Z";"2026-02-07T00:06:00.000Z";"2026-02-07T15:03:00.000Z";"2787";0.7324313027;0.7347751483;0.6009342724;0.6307054357;168886942.5806329;630705435.7266337;1000000000;"2026-02-07T23:59:59.999Z"
"2026-02-06T00:00:00.000Z";"2026-02-06T23:59:59.999Z";"2026-02-06T17:29:00.000Z";"2026-02-06T00:17:00.000Z";"2787";0.6831255793;0.7800702247;0.6180444491;0.7327475975;246677450.16412213;732341582.1617314;1000000000;"2026-02-06T23:59:59.999Z"
"2026-02-05T00:00:00.000Z";"2026-02-05T23:59:59.999Z";"2026-02-05T01:36:00.000Z";"2026-02-05T20:27:00.000Z";"2787";0.9237948202;0.9336739861;0.6675662366;0.6832529959;294227792.1110475;683489881.4451121;1000000000;"2026-02-05T23:59:59.999Z"
"2026-02-04T00:00:00.000Z";"2026-02-04T23:59:59.999Z";"2026-02-04T01:29:00.000Z";"2026-02-04T21:46:00.000Z";"2787";0.9704596746;1.0040746747;0.8880829357;0.92386385;199852559.24316174;923391776.8102113;1000000000;"2026-02-04T23:59:59.999Z"
"2026-02-03T00:00:00.000Z";"2026-02-03T23:59:59.999Z";"2026-02-03T21:25:00.000Z";"2026-02-03T03:05:00.000Z";"2787";0.8880408892;1.0005160709;0.8485861674;0.97046492;309802558.6578462;971620611.9579338;1000000000;"2026-02-03T23:59:59.999Z"
"2026-02-02T00:00:00.000Z";"2026-02-02T23:59:59.999Z";"2026-02-02T19:19:00.000Z";"2026-02-02T06:40:00.000Z";"2787";0.8781054952;0.9226203658;0.8119615324;0.8883338859;223966244.06111586;888739229.5854524;1000000000;"2026-02-02T23:59:59.999Z"
"2026-02-01T00:00:00.000Z";"2026-02-01T23:59:59.999Z";"2026-02-01T04:46:00.000Z";"2026-02-01T23:12:00.000Z";"2787";0.8886756939;1.0221469495;0.8613239763;0.8780786403;253059502.85713467;878078640.4083513;1000000000;"2026-02-01T23:59:59.999Z"
"2026-01-31T00:00:00.000Z";"2026-01-31T23:59:59.999Z";"2026-01-31T06:08:00.000Z";"2026-01-31T22:39:00.000Z";"2787";1.1328820845;1.2087005939;0.8088644754;0.8883799538;412596490.29602194;888675693.9459739;1000000000;"2026-01-31T23:59:59.999Z"
"2026-01-30T00:00:00.000Z";"2026-01-30T23:59:59.999Z";"2026-01-30T04:47:00.000Z";"2026-01-30T02:22:00.000Z";"2787";1.1101082254;1.1690010191;1.0417203882;1.1328789264;230075681.29552;1132336156.5040517;1000000000;"2026-01-30T23:59:59.999Z"
"2026-01-29T00:00:00.000Z";"2026-01-29T23:59:59.999Z";"2026-01-29T21:04:00.000Z";"2026-01-29T08:14:00.000Z";"2787";1.0916244878;1.1610673636;0.9595419811;1.1098033162;288021181.3619879;1109788696.2253044;1000000000;"2026-01-29T23:59:59.999Z"
"2026-01-28T00:00:00.000Z";"2026-01-28T23:59:59.999Z";"2026-01-28T06:04:00.000Z";"2026-01-28T18:47:00.000Z";"2787";1.1175412227;1.1345356739;1.0647408073;1.0914548176;124457235.95444438;1092928830.1176596;1000000000;"2026-01-28T23:59:59.999Z"
"2026-01-27T00:00:00.000Z";"2026-01-27T23:59:59.999Z";"2026-01-27T23:19:00.000Z";"2026-01-27T10:38:00.000Z";"2787";1.0671517069;1.1397109526;1.0384059681;1.1173097979;152141223.74341977;1117493016.1218677;1000000000;"2026-01-27T23:59:59.999Z"
"2026-01-26T00:00:00.000Z";"2026-01-26T23:59:59.999Z";"2026-01-26T15:17:00.000Z";"2026-01-26T09:51:00.000Z";"2787";1.071835298;1.0856903083;1.0394878942;1.0671517069;131927890.69056606;1070097944.1841363;1000000000;"2026-01-26T23:59:59.999Z"
"2026-01-25T00:00:00.000Z";"2026-01-25T23:59:59.999Z";"2026-01-25T01:05:00.000Z";"2026-01-25T22:20:00.000Z";"2787";1.2185172147;1.2401317126;1.0201646565;1.071835298;239143046.77904266;1070360513.129069;1000000000;"2026-01-25T23:59:59.999Z"
"2026-01-24T00:00:00.000Z";"2026-01-24T23:59:59.999Z";"2026-01-24T13:16:00.000Z";"2026-01-24T01:57:00.000Z";"2787";1.2203635254;1.275538059;1.1953929159;1.2183938753;181087507.03352013;1218393907.3034265;1000000000;"2026-01-24T23:59:59.999Z"
"2026-01-23T00:00:00.000Z";"2026-01-23T23:59:59.999Z";"2026-01-23T06:09:00.000Z";"2026-01-23T15:16:00.000Z";"2787";1.2164407155;1.2890821417;1.1515882759;1.2203345283;259504955.0608362;1222168667.3112462;1000000000;"2026-01-23T23:59:59.999Z"
"2026-01-22T00:00:00.000Z";"2026-01-22T23:59:59.999Z";"2026-01-22T01:37:00.000Z";"2026-01-22T19:20:00.000Z";"2787";1.3146096717;1.3636306255;1.1904937462;1.2158457102;239575631.17158973;1214748694.911093;1000000000;"2026-01-22T23:59:59.999Z"
"2026-01-21T00:00:00.000Z";"2026-01-21T23:59:59.999Z";"2026-01-21T22:11:00.000Z";"2026-01-21T08:39:00.000Z";"2787";1.1820071544;1.3763514879;1.1188951883;1.3145755222;551970179.5598347;1314099979.4387364;1000000000;"2026-01-21T23:59:59.999Z"
"2026-01-20T00:00:00.000Z";"2026-01-20T23:59:59.999Z";"2026-01-20T00:38:00.000Z";"2026-01-20T23:31:00.000Z";"2787";1.4559936063;1.4697011423;1.1679912068;1.1819505862;415896675.84408855;1182499572.481829;1000000000;"2026-01-20T23:59:59.999Z"
"2026-01-19T00:00:00.000Z";"2026-01-19T23:59:59.999Z";"2026-01-19T00:01:00.000Z";"2026-01-19T06:31:00.000Z";"2787";1.5679104616;1.6075749141;1.3815785531;1.4563805752;412357676.6362333;1456986695.1423938;1000000000;"2026-01-19T23:59:59.999Z"
"2026-01-18T00:00:00.000Z";"2026-01-18T23:59:59.999Z";"2026-01-18T02:22:00.000Z";"2026-01-18T13:13:00.000Z";"2787";1.6191341654;1.6921283345;1.4882603446;1.5677204161;375776387.11358804;1567910461.6551077;1000000000;"2026-01-18T23:59:59.999Z"
"2026-01-17T00:00:00.000Z";"2026-01-17T23:59:59.999Z";"2026-01-17T22:22:00.000Z";"2026-01-17T12:47:00.000Z";"2787";1.5715476018;1.6858134691;1.5085399996;1.6190451794;352820961.2752884;1619134165.401974;1000000000;"2026-01-17T23:59:59.999Z"
"2026-01-16T00:00:00.000Z";"2026-01-16T23:59:59.999Z";"2026-01-16T14:07:00.000Z";"2026-01-16T06:46:00.000Z";"2787";1.4999269515;1.6917160396;1.3775661051;1.5716419177;465840427.069907;1570995101.6076362;1000000000;"2026-01-16T23:59:59.999Z"
"2026-01-15T00:00:00.000Z";"2026-01-15T23:59:59.999Z";"2026-01-15T00:04:00.000Z";"2026-01-15T15:56:00.000Z";"2787";1.8483396863;1.8680142775;1.3243336486;1.4994693315;736328575.7852259;1501520236.3459878;1000000000;"2026-01-15T23:59:59.999Z"
"2026-01-14T00:00:00.000Z";"2026-01-14T23:59:59.999Z";"2026-01-14T02:33:00.000Z";"2026-01-14T00:00:00.000Z";"2787";1.2979093406;1.9810031726;1.2978795605;1.8496896299;1617796312.9756525;1849452856.5794086;1000000000;"2026-01-14T23:59:59.999Z"
"2026-01-13T00:00:00.000Z";"2026-01-13T23:59:59.999Z";"2026-01-13T23:46:00.000Z";"2026-01-13T00:10:00.000Z";"2787";1.1112242434;1.3024133791;1.1028198337;1.2978203014;529878220.81927216;1297016539.6911845;1000000000;"2026-01-13T23:59:59.999Z"
"2026-01-12T00:00:00.000Z";"2026-01-12T23:59:59.999Z";"2026-01-12T12:27:00.000Z";"2026-01-12T01:48:00.000Z";"2787";1.0476207476;1.1936945748;1.0347072497;1.1112129008;466351162.3737611;1111887166.1909845;1000000000;"2026-01-12T23:59:59.999Z"
"2026-01-11T00:00:00.000Z";"2026-01-11T23:59:59.999Z";"2026-01-11T02:53:00.000Z";"2026-01-11T21:11:00.000Z";"2787";1.2026727578;1.298360026;1.0128501903;1.0476508288;511720688.71785915;1047619246.1402246;1000000000;"2026-01-11T23:59:59.999Z"
"2026-01-10T00:00:00.000Z";"2026-01-10T23:59:59.999Z";"2026-01-10T23:45:00.000Z";"2026-01-10T04:24:00.000Z";"2787";0.9729432199;1.2251314438;0.9190241481;1.2021627422;563342195.5868746;1202672757.8309903;1000000000;"2026-01-10T23:59:59.999Z"
"2026-01-09T00:00:00.000Z";"2026-01-09T23:59:59.999Z";"2026-01-09T03:36:00.000Z";"2026-01-09T10:13:00.000Z";"2787";0.9506031683;1.1041883716;0.896998604;0.9729321743;384486069.5391028;973842627.9176997;1000000000;"2026-01-09T23:59:59.999Z"
"2026-01-08T00:00:00.000Z";"2026-01-08T23:59:59.999Z";"2026-01-08T15:44:00.000Z";"2026-01-08T09:04:00.000Z";"2787";1.0079750205;1.0695763368;0.7965595529;0.9500207387;673288873.4855582;952440727.0107939;1000000000;"2026-01-08T23:59:59.999Z"
"2026-01-07T00:00:00.000Z";"2026-01-07T23:59:59.999Z";"2026-01-07T11:02:00.000Z";"2026-01-07T10:01:00.000Z";"2787";0.9134281642;1.3438483259;0.8885989585;1.007725982;788241908.3271499;1006015913.3611002;1000000000;"2026-01-07T23:59:59.999Z"
"2026-01-06T00:00:00.000Z";"2026-01-06T23:59:59.999Z";"2026-01-06T13:46:00.000Z";"2026-01-06T18:02:00.000Z";"2787";0.9131617615;0.9440006429;0.881494139;0.9133802133;79154818.43287392;914082135.7317046;1000000000;"2026-01-06T23:59:59.999Z"
"2026-01-05T00:00:00.000Z";"2026-01-05T23:59:59.999Z";"2026-01-05T01:32:00.000Z";"2026-01-05T14:31:00.000Z";"2787";0.9962183776;1.0645416116;0.862089546;0.9131572813;138679545.85807058;913841207.0973302;1000000000;"2026-01-05T23:59:59.999Z"
"2026-01-04T00:00:00.000Z";"2026-01-04T23:59:59.999Z";"2026-01-04T17:10:00.000Z";"2026-01-04T00:25:00.000Z";"2787";0.8825763838;1.0234572649;0.8788983613;0.9956846759;104307966.86569661;996211255.5745695;1000000000;"2026-01-04T23:59:59.999Z"
"2026-01-03T00:00:00.000Z";"2026-01-03T23:59:59.999Z";"2026-01-03T04:07:00.000Z";"2026-01-03T16:22:00.000Z";"2787";0.882908858;0.9291300885;0.8512248908;0.8821689678;65625563.145123936;882576383.8566474;1000000000;"2026-01-03T23:59:59.999Z"
"2026-01-02T00:00:00.000Z";"2026-01-02T23:59:59.999Z";"2026-01-02T22:57:00.000Z";"2026-01-02T02:34:00.000Z";"2787";0.8312292381;0.8893723629;0.8269606717;0.882908858;80201260.79374313;882889921.9451854;1000000000;"2026-01-02T23:59:59.999Z"
"2026-01-01T00:00:00.000Z";"2026-01-01T23:59:59.999Z";"2026-01-01T07:47:00.000Z";"2026-01-01T03:49:00.000Z";"2787";0.8206587696;0.836557206;0.8182040327;0.8312292381;35391845.91342623;831443175.3981938;1000000000;"2026-01-01T23:59:59.999Z"
"2025-12-31T00:00:00.000Z";"2025-12-31T23:59:59.999Z";"2025-12-31T20:25:00.000Z";"2025-12-31T15:38:00.000Z";"2787";0.8379140718;0.8583402149;0.8082191752;0.8206618835;58581428.03627453;820764350.7540954;1000000000;"2025-12-31T23:59:59.999Z"
"2025-12-30T00:00:00.000Z";"2025-12-30T23:59:59.999Z";"2025-12-30T23:23:00.000Z";"2025-12-30T13:30:00.000Z";"2787";0.8284734343;0.8407219244;0.8067823716;0.8378472837;67175206.14718178;839063802.4779022;1000000000;"2025-12-30T23:59:59.999Z"
"2025-12-29T00:00:00.000Z";"2025-12-29T23:59:59.999Z";"2025-12-29T04:45:00.000Z";"2025-12-29T14:23:00.000Z";"2787";0.8422843118;0.883188251;0.8102858297;0.8284680442;74547422.33354558;828556210.7657926;1000000000;"2025-12-29T23:59:59.999Z"
"2025-12-28T00:00:00.000Z";"2025-12-28T23:59:59.999Z";"2025-12-28T15:31:00.000Z";"2025-12-28T06:02:00.000Z";"2787";0.8512409485;0.8523594319;0.834117115;0.8422827732;29063342.961000007;842284311.8851261;1000000000;"2025-12-28T23:59:59.999Z"
"2025-12-27T00:00:00.000Z";"2025-12-27T23:59:59.999Z";"2025-12-27T22:18:00.000Z";"2025-12-27T14:48:00.000Z";"2787";0.8400606462;0.8545100939;0.8335033696;0.8514917491;32001196.07726611;851240948.5383934;1000000000;"2025-12-27T23:59:59.999Z"
"2025-12-26T00:00:00.000Z";"2025-12-26T23:59:59.999Z";"2025-12-26T02:25:00.000Z";"2025-12-26T15:03:00.000Z";"2787";0.8384389114;0.8500395546;0.8234142339;0.8400656715;62715962.080200486;839964731.1080916;1000000000;"2025-12-26T23:59:59.999Z"
"2025-12-25T00:00:00.000Z";"2025-12-25T23:59:59.999Z";"2025-12-25T03:09:00.000Z";"2025-12-25T15:10:00.000Z";"2787";0.8548810465;0.8663358259;0.8288046318;0.8384428624;40971559.36374874;840601099.867616;1000000000;"2025-12-25T23:59:59.999Z"
"2025-12-24T00:00:00.000Z";"2025-12-24T23:59:59.999Z";"2025-12-24T01:10:00.000Z";"2025-12-24T03:32:00.000Z";"2787";0.8470173471;0.8569413704;0.8072834645;0.8548747832;51009027.949729;855432754.0979083;1000000000;"2025-12-24T23:59:59.999Z"
"2025-12-23T00:00:00.000Z";"2025-12-23T23:59:59.999Z";"2025-12-23T02:13:00.000Z";"2025-12-23T19:28:00.000Z";"2787";0.9071491738;0.9293016173;0.8234926921;0.8469903704;79754318.57895936;848041697.6065532;1000000000;"2025-12-23T23:59:59.999Z"
"2025-12-22T00:00:00.000Z";"2025-12-22T23:59:59.999Z";"2025-12-22T01:44:00.000Z";"2025-12-22T20:31:00.000Z";"2787";0.9435294847;0.9607679103;0.8962830274;0.9071491738;72015572.23845404;907658373.6549978;1000000000;"2025-12-22T23:59:59.999Z"
"2025-12-21T00:00:00.000Z";"2025-12-21T23:59:59.999Z";"2025-12-21T08:58:00.000Z";"2025-12-21T02:26:00.000Z";"2787";0.9343753436;0.9747777893;0.917046018;0.9435171399;71720482.5842873;943549585.6240517;1000000000;"2025-12-21T23:59:59.999Z"
"2025-12-20T00:00:00.000Z";"2025-12-20T23:59:59.999Z";"2025-12-20T04:45:00.000Z";"2025-12-20T14:12:00.000Z";"2787";0.9310483602;0.9615768461;0.9161800411;0.9343791979;45256541.67951293;934375343.6110829;1000000000;"2025-12-20T23:59:59.999Z"
"2025-12-19T00:00:00.000Z";"2025-12-19T23:59:59.999Z";"2025-12-19T23:57:00.000Z";"2025-12-19T00:36:00.000Z";"2787";0.8921884889;0.9330224672;0.8836520436;0.9308049478;80996579.96318173;931140921.578138;1000000000;"2025-12-19T23:59:59.999Z"
"2025-12-18T00:00:00.000Z";"2025-12-18T23:59:59.999Z";"2025-12-18T00:49:00.000Z";"2025-12-18T17:20:00.000Z";"2787";0.957677221;0.9826530359;0.8823920467;0.8927470092;104261628.29153399;892441886.7879748;1000000000;"2025-12-18T23:59:59.999Z"
"2025-12-17T00:00:00.000Z";"2025-12-17T23:59:59.999Z";"2025-12-17T14:06:00.000Z";"2025-12-17T02:26:00.000Z";"2787";0.8770159707;0.991707894;0.8543732242;0.957592823;146177153.2076786;957432492.4569907;1000000000;"2025-12-17T23:59:59.999Z"
"2025-12-16T00:00:00.000Z";"2025-12-16T23:59:59.999Z";"2025-12-16T01:18:00.000Z";"2025-12-16T11:37:00.000Z";"2787";0.9144395448;0.9306722141;0.8399238187;0.876266867;82294041.71890733;877669809.669369;1000000000;"2025-12-16T23:59:59.999Z"
"2025-12-15T00:00:00.000Z";"2025-12-15T23:59:59.999Z";"2025-12-15T07:58:00.000Z";"2025-12-15T00:02:00.000Z";"2787";0.8126806762;0.9452440649;0.811867838;0.9144308423;120783456.81578828;915380292.843632;1000000000;"2025-12-15T23:59:59.999Z"
"2025-12-14T00:00:00.000Z";"2025-12-14T23:59:59.999Z";"2025-12-14T00:22:00.000Z";"2025-12-14T20:12:00.000Z";"2787";0.863445545;0.8720280707;0.8052716008;0.8127887371;53771489.03671423;812680676.2049584;1000000000;"2025-12-14T23:59:59.999Z"
"2025-12-13T00:00:00.000Z";"2025-12-13T23:59:59.999Z";"2025-12-13T22:48:00.000Z";"2025-12-13T01:50:00.000Z";"2787";0.8364469314;0.871136804;0.8359444944;0.8634745294;51275256.821879275;863445545.0310777;1000000000;"2025-12-13T23:59:59.999Z"
"2025-12-12T00:00:00.000Z";"2025-12-12T23:59:59.999Z";"2025-12-12T06:13:00.000Z";"2025-12-12T15:29:00.000Z";"2787";0.8469124751;0.8733449434;0.82644901;0.8369320659;75638623.58262403;836867852.3570375;1000000000;"2025-12-12T23:59:59.999Z"
"2025-12-11T00:00:00.000Z";"2025-12-11T23:59:59.999Z";"2025-12-11T12:50:00.000Z";"2025-12-11T03:32:00.000Z";"2787";0.8135474136;0.8599587315;0.7961726507;0.8469124751;94000002.22593027;847698425.5352385;1000000000;"2025-12-11T23:59:59.999Z"
"2025-12-10T00:00:00.000Z";"2025-12-10T23:59:59.999Z";"2025-12-10T02:02:00.000Z";"2025-12-10T16:04:00.000Z";"2787";0.8479254604;0.8761409652;0.8119841115;0.8135161432;92109246.9461367;813432255.3273742;1000000000;"2025-12-10T23:59:59.999Z"
"2025-12-09T00:00:00.000Z";"2025-12-09T23:59:59.999Z";"2025-12-09T18:42:00.000Z";"2025-12-09T10:49:00.000Z";"2787";0.8369639932;0.9016229204;0.7974520016;0.8482338545;101538039.23366867;848897797.0294961;1000000000;"2025-12-09T23:59:59.999Z"
"2025-12-08T00:00:00.000Z";"2025-12-08T23:59:59.999Z";"2025-12-08T06:53:00.000Z";"2025-12-08T00:14:00.000Z";"2787";0.8303633441;0.8819372276;0.8245808552;0.8374674733;74081112.01074374;836774626.7828354;1000000000;"2025-12-08T23:59:59.999Z"
"2025-12-07T00:00:00.000Z";"2025-12-07T23:59:59.999Z";"2025-12-07T01:07:00.000Z";"2025-12-07T14:29:00.000Z";"2787";0.8666491539;0.8963552549;0.8016377844;0.8309848523;88660545.29619029;830363344.1531956;1000000000;"2025-12-07T23:59:59.999Z"
"2025-12-06T00:00:00.000Z";"2025-12-06T23:59:59.999Z";"2025-12-06T11:58:00.000Z";"2025-12-06T09:09:00.000Z";"2787";0.8544800441;0.9272295832;0.8342476553;0.8666284606;90815397.73547722;866649153.9038825;1000000000;"2025-12-06T23:59:59.999Z"
"2025-12-05T00:00:00.000Z";"2025-12-05T23:59:59.999Z";"2025-12-05T00:00:00.000Z";"2025-12-05T14:53:00.000Z";"2787";0.8766764702;0.8766764702;0.7828358877;0.8541596179;101398731.70176555;855094201.195575;1000000000;"2025-12-05T23:59:59.999Z"
"2025-12-04T00:00:00.000Z";"2025-12-04T23:59:59.999Z";"2025-12-04T00:53:00.000Z";"2025-12-04T15:01:00.000Z";"2787";0.9287710789;0.950813954;0.8421282401;0.876245066;126646645.07669066;875266187.3982189;1000000000;"2025-12-04T23:59:59.999Z"
"2025-12-03T00:00:00.000Z";"2025-12-03T23:59:59.999Z";"2025-12-03T06:21:00.000Z";"2025-12-03T00:38:00.000Z";"2787";0.8625352172;0.9542132635;0.8457182429;0.929234981;216897003.42625436;929652016.4368708;1000000000;"2025-12-03T23:59:59.999Z"
"2025-12-02T00:00:00.000Z";"2025-12-02T23:59:59.999Z";"2025-12-02T02:04:00.000Z";"2025-12-02T08:59:00.000Z";"2787";0.7783461982;0.8948112633;0.767260568;0.8620112663;251323409.38434651;862693805.1750077;1000000000;"2025-12-02T23:59:59.999Z"
"2025-12-01T00:00:00.000Z";"2025-12-01T23:59:59.999Z";"2025-12-01T00:04:00.000Z";"2025-12-01T19:37:00.000Z";"2787";0.928422124;0.9370706936;0.7282206091;0.7786080652;250458687.4196872;778758935.9060513;1000000000;"2025-12-01T23:59:59.999Z"
"2025-11-30T00:00:00.000Z";"2025-11-30T23:59:59.999Z";"2025-11-30T17:03:00.000Z";"2025-11-30T05:36:00.000Z";"2787";0.8651570974;1.0207772402;0.8490202035;0.9289238337;182395273.13050476;928389320.1381819;1000000000;"2025-11-30T23:59:59.999Z"
"2025-11-29T00:00:00.000Z";"2025-11-29T23:59:59.999Z";"2025-11-29T03:00:00.000Z";"2025-11-29T11:31:00.000Z";"2787";0.9144613408;0.9681037951;0.8171439356;0.8654380527;191671811.24551585;865157097.3701243;1000000000;"2025-11-29T23:59:59.999Z"
"2025-11-28T00:00:00.000Z";"2025-11-28T23:59:59.999Z";"2025-11-28T15:40:00.000Z";"2025-11-28T13:00:00.000Z";"2787";0.745462113;0.9477011881;0.6481667667;0.9136737281;293896982.77521116;915042952.3000131;1000000000;"2025-11-28T23:59:59.999Z"
"2025-11-27T00:00:00.000Z";"2025-11-27T23:59:59.999Z";"2025-11-27T00:57:00.000Z";"2025-11-27T11:27:00.000Z";"2787";0.7669267109;0.7903525922;0.7239463292;0.745462164;169731717.40562665;745525289.5281357;1000000000;"2025-11-27T23:59:59.999Z"
"2025-11-26T00:00:00.000Z";"2025-11-26T23:59:59.999Z";"2025-11-26T00:18:00.000Z";"2025-11-26T12:08:00.000Z";"2787";0.7348153957;0.8322976569;0.7042612876;0.7669066867;245059183.4487778;767397889.3297403;1000000000;"2025-11-26T23:59:59.999Z"
"2025-11-25T00:00:00.000Z";"2025-11-25T23:59:59.999Z";"2025-11-25T06:08:00.000Z";"2025-11-25T04:31:00.000Z";"2787";0.6430657368;0.7600959521;0.6132558028;0.7350242695;282799921.913458;736697875.6745499;1000000000;"2025-11-25T23:59:59.999Z"
"2025-11-24T00:00:00.000Z";"2025-11-24T23:59:59.999Z";"2025-11-24T02:18:00.000Z";"2025-11-24T14:52:00.000Z";"2787";0.6373265809;0.6658022505;0.6005147938;0.6433433142;110863613.1113201;643450513.3393608;1000000000;"2025-11-24T23:59:59.999Z"
"2025-11-23T00:00:00.000Z";"2025-11-23T23:59:59.999Z";"2025-11-23T03:37:00.000Z";"2025-11-23T11:21:00.000Z";"2787";0.6574042091;0.7111027929;0.6111447026;0.637287985;133062908.8557193;637326580.8978752;1000000000;"2025-11-23T23:59:59.999Z"
"2025-11-22T00:00:00.000Z";"2025-11-22T23:59:59.999Z";"2025-11-22T00:09:00.000Z";"2025-11-22T04:39:00.000Z";"2787";0.6732249187;0.6786927392;0.5992550284;0.6574429571;101625939.74973549;657404209.1449474;1000000000;"2025-11-22T23:59:59.999Z"
"2025-11-21T00:00:00.000Z";"2025-11-21T23:59:59.999Z";"2025-11-21T00:57:00.000Z";"2025-11-21T10:09:00.000Z";"2787";0.7632122982;0.7742998838;0.5904693664;0.6733113583;279775781.17703587;674101125.1404549;1000000000;"2025-11-21T23:59:59.999Z"
"2025-11-20T00:00:00.000Z";"2025-11-20T23:59:59.999Z";"2025-11-20T03:25:00.000Z";"2025-11-20T19:07:00.000Z";"2787";0.9020213534;0.9313217999;0.7386283305;0.7633574493;183525037.4567163;762697512.8093005;1000000000;"2025-11-20T23:59:59.999Z"
"2025-11-19T00:00:00.000Z";"2025-11-19T23:59:59.999Z";"2025-11-19T03:06:00.000Z";"2025-11-19T19:50:00.000Z";"2787";1.0099042336;1.0289499436;0.8354334252;0.9012882328;154393634.81103456;901564736.5026481;1000000000;"2025-11-19T23:59:59.999Z"
"2025-11-18T00:00:00.000Z";"2025-11-18T23:59:59.999Z";"2025-11-18T18:14:00.000Z";"2025-11-18T00:48:00.000Z";"2787";0.9877545736;1.0301867882;0.9598529939;1.0102337083;179754427.2090626;1009861609.6528113;1000000000;"2025-11-18T23:59:59.999Z"
"2025-11-17T00:00:00.000Z";"2025-11-17T23:59:59.999Z";"2025-11-17T00:41:00.000Z";"2025-11-17T19:55:00.000Z";"2787";1.0491868215;1.0618535814;0.966939768;0.98772714;162236917.79269558;986621970.9900017;1000000000;"2025-11-17T23:59:59.999Z"
"2025-11-16T00:00:00.000Z";"2025-11-16T23:59:59.999Z";"2025-11-16T10:59:00.000Z";"2025-11-16T17:23:00.000Z";"2787";1.0274004342;1.0688756346;0.9687502602;1.0491868153;185904759.75912395;1049186821.4618131;1000000000;"2025-11-16T23:59:59.999Z"
"2025-11-15T00:00:00.000Z";"2025-11-15T23:59:59.999Z";"2025-11-15T03:16:00.000Z";"2025-11-15T16:20:00.000Z";"2787";1.0156754153;1.0783659012;0.9866103412;1.0284322801;165449985.55864763;1027400434.2936913;1000000000;"2025-11-15T23:59:59.999Z"
"2025-11-14T00:00:00.000Z";"2025-11-14T23:59:59.999Z";"2025-11-14T02:43:00.000Z";"2025-11-14T12:41:00.000Z";"2787";1.10032952;1.1059538075;0.9231082513;1.0159800505;281836129.43610924;1015153239.2759007;1000000000;"2025-11-14T23:59:59.999Z"
"2025-11-13T00:00:00.000Z";"2025-11-13T23:59:59.999Z";"2025-11-13T03:32:00.000Z";"2025-11-13T21:30:00.000Z";"2787";1.2090820146;1.2314302954;1.042511572;1.1003758842;241041927.96113256;1103965806.8487775;1000000000;"2025-11-13T23:59:59.999Z"
"2025-11-12T00:00:00.000Z";"2025-11-12T23:59:59.999Z";"2025-11-12T11:57:00.000Z";"2025-11-12T00:41:00.000Z";"2787";1.1591650545;1.2427918413;1.1344703346;1.2094139217;172129993.6329808;1208733862.2909284;1000000000;"2025-11-12T23:59:59.999Z"
"2025-11-11T00:00:00.000Z";"2025-11-11T23:59:59.999Z";"2025-11-11T00:06:00.000Z";"2025-11-11T22:12:00.000Z";"2787";1.2769863184;1.2882723566;1.1463142819;1.15919402;213239912.6544214;1159547789.2898624;1000000000;"2025-11-11T23:59:59.999Z"
"2025-11-10T00:00:00.000Z";"2025-11-10T23:59:59.999Z";"2025-11-10T01:47:00.000Z";"2025-11-10T14:55:00.000Z";"2787";1.2286907866;1.5110103628;1.200536373;1.2774748927;388070560.837875;1276932510.1811013;1000000000;"2025-11-10T23:59:59.999Z"
"2025-11-09T00:00:00.000Z";"2025-11-09T23:59:59.999Z";"2025-11-09T22:53:00.000Z";"2025-11-09T03:37:00.000Z";"2787";1.1735062083;1.3118595805;1.1132034566;1.2288482015;306553960.3032617;1229251686.8540888;1000000000;"2025-11-09T23:59:59.999Z"
"2025-11-08T00:00:00.000Z";"2025-11-08T23:59:59.999Z";"2025-11-08T00:05:00.000Z";"2025-11-08T15:58:00.000Z";"2787";1.3385701751;1.3570695237;1.109836263;1.1735683973;328540737.24926025;1173506208.3043494;1000000000;"2025-11-08T23:59:59.999Z"
"2025-11-07T00:00:00.000Z";"2025-11-07T23:59:59.999Z";"2025-11-07T18:26:00.000Z";"2025-11-07T11:17:00.000Z";"2787";1.1959407925;1.4379091014;1.0341848873;1.340015641;488572560.9051511;1337968790.131639;1000000000;"2025-11-07T23:59:59.999Z"
"2025-11-06T00:00:00.000Z";"2025-11-06T23:59:59.999Z";"2025-11-06T11:18:00.000Z";"2025-11-06T16:00:00.000Z";"2787";1.4366108514;1.5237981677;1.0367579911;1.1962582834;594496068.851541;1197183869.4855304;1000000000;"2025-11-06T23:59:59.999Z"
"2025-11-05T00:00:00.000Z";"2025-11-05T23:59:59.999Z";"2025-11-05T20:09:00.000Z";"2025-11-05T01:35:00.000Z";"2787";1.0222996719;1.6135928006;0.8843439377;1.4334691409;698094919.6862434;1437215587.462934;1000000000;"2025-11-05T23:59:59.999Z"
"2025-11-04T00:00:00.000Z";"2025-11-04T23:59:59.999Z";"2025-11-04T11:19:00.000Z";"2025-11-04T08:22:00.000Z";"2787";1.0646132173;1.1497466041;0.7368219118;1.0221871569;789081803.0006427;1021037892.1857206;1000000000;"2025-11-04T23:59:59.999Z"
"2025-11-03T00:00:00.000Z";"2025-11-03T23:59:59.999Z";"2025-11-03T00:04:00.000Z";"2025-11-03T10:39:00.000Z";"2787";1.6461009757;1.6634879241;1.0040141895;1.0648412399;714479683.3443531;1064075005.3547628;1000000000;"2025-11-03T23:59:59.999Z"
"2025-11-02T00:00:00.000Z";"2025-11-02T23:59:59.999Z";"2025-11-02T01:13:00.000Z";"2025-11-02T14:44:00.000Z";"2787";1.7671891344;1.8358242211;1.4973242798;1.6462415137;328410999.27012223;1646100975.689725;1000000000;"2025-11-02T23:59:59.999Z"
"2025-11-01T00:00:00.000Z";"2025-11-01T23:59:59.999Z";"2025-11-01T23:51:00.000Z";"2025-11-01T00:03:00.000Z";"2787";1.2502189489;1.8469211982;1.2427421528;1.7769063973;549109116.396637;1767189134.4884741;1000000000;"2025-11-01T23:59:59.999Z"
"2025-10-31T00:00:00.000Z";"2025-10-31T23:59:59.999Z";"2025-10-31T04:59:00.000Z";"2025-10-31T17:43:00.000Z";"2787";1.2872429169;1.3830258492;1.11917458;1.2506433432;281340538.6880013;1248989352.1114297;1000000000;"2025-10-31T23:59:59.999Z"
"2025-10-30T00:00:00.000Z";"2025-10-30T23:59:59.999Z";"2025-10-30T02:46:00.000Z";"2025-10-30T19:31:00.000Z";"2787";1.6706928052;1.7261955121;1.186299996;1.2873684142;581118093.1647441;1285088580.947675;1000000000;"2025-10-30T23:59:59.999Z"
"2025-10-29T00:00:00.000Z";"2025-10-29T23:59:59.999Z";"2025-10-29T06:40:00.000Z";"2025-10-29T18:44:00.000Z";"2787";1.7805952559;1.7902232383;1.6023776562;1.6702422058;287731940.2111165;1670881092.0253832;1000000000;"2025-10-29T23:59:59.999Z"
"2025-10-28T00:00:00.000Z";"2025-10-28T23:59:59.999Z";"2025-10-28T14:07:00.000Z";"2025-10-28T20:57:00.000Z";"2787";1.8133993108;1.9351463308;1.688652814;1.7805952559;314975656.5642457;1783404359.2224958;1000000000;"2025-10-28T23:59:59.999Z"
"2025-10-27T00:00:00.000Z";"2025-10-27T23:59:59.999Z";"2025-10-27T06:42:00.000Z";"2025-10-27T20:28:00.000Z";"2787";1.9938988627;2.1643038208;1.7877255368;1.8135405524;336114274.15110004;1816167450.0311162;1000000000;"2025-10-27T23:59:59.999Z"
"2025-10-26T00:00:00.000Z";"2025-10-26T23:59:59.999Z";"2025-10-26T01:20:00.000Z";"2025-10-26T17:06:00.000Z";"2787";2.1442016433;2.2927848756;1.8655305645;1.9939953998;354010014.19087344;1993953706.8738863;1000000000;"2025-10-26T23:59:59.999Z"
"2025-10-25T00:00:00.000Z";"2025-10-25T23:59:59.999Z";"2025-10-25T19:08:00.000Z";"2025-10-25T02:43:00.000Z";"2787";1.6352797437;2.3333525005;1.5859032807;2.1437679244;694186657.5741972;2144201643.3298273;1000000000;"2025-10-25T23:59:59.999Z"
"2025-10-24T00:00:00.000Z";"2025-10-24T23:59:59.999Z";"2025-10-24T05:15:00.000Z";"2025-10-24T16:36:00.000Z";"2787";1.8117310441;1.9710012096;1.5252887043;1.633423497;488609148.77002794;1635543811.4780133;1000000000;"2025-10-24T23:59:59.999Z"
"2025-10-23T00:00:00.000Z";"2025-10-23T23:59:59.999Z";"2025-10-23T07:15:00.000Z";"2025-10-23T20:27:00.000Z";"2787";1.9383728205;2.0553437535;1.6290364748;1.8117310441;588903345.553699;1812697612.680746;1000000000;"2025-10-23T23:59:59.999Z"
"2025-10-22T00:00:00.000Z";"2025-10-22T23:59:59.999Z";"2025-10-22T08:29:00.000Z";"2025-10-22T21:32:00.000Z";"2787";2.0687190314;2.3468631115;1.811926928;1.9357192652;614721561.9272845;1937257640.7709568;1000000000;"2025-10-22T23:59:59.999Z"
"2025-10-21T00:00:00.000Z";"2025-10-21T23:59:59.999Z";"2025-10-21T03:18:00.000Z";"2025-10-21T22:38:00.000Z";"2787";2.501726706;2.7700914799;1.9363339927;2.0687190314;1096609664.124026;2068081183.2531447;1000000000;"2025-10-21T23:59:59.999Z"
"2025-10-20T00:00:00.000Z";"2025-10-20T23:59:59.999Z";"2025-10-20T15:42:00.000Z";"2025-10-20T03:31:00.000Z";"2787";1.2968228868;3.1090369495;1.1841075426;2.5015855914;2926336768.2739244;2504044980.984679;1000000000;"2025-10-20T23:59:59.999Z"
"2025-10-19T00:00:00.000Z";"2025-10-19T23:59:59.999Z";"2025-10-19T18:22:00.000Z";"2025-10-19T02:12:00.000Z";"2787";1.1375314642;1.3210178539;1.1088526011;1.2965898668;194060158.16362786;1296813788.9520729;1000000000;"2025-10-19T23:59:59.999Z"
"2025-10-18T00:00:00.000Z";"2025-10-18T23:59:59.999Z";"2025-10-18T07:31:00.000Z";"2025-10-18T17:27:00.000Z";"2787";1.1471578396;1.2853579932;1.111692747;1.1375314642;201180265.77549326;1137531464.1740966;1000000000;"2025-10-18T23:59:59.999Z"
"2025-10-17T00:00:00.000Z";"2025-10-17T23:59:59.999Z";"2025-10-17T02:35:00.000Z";"2025-10-17T08:08:00.000Z";"2787";1.198541331;1.420570961;0.9724323768;1.1478156776;475795161.975427;1146712728.7551212;1000000000;"2025-10-17T23:59:59.999Z"
"2025-10-16T00:00:00.000Z";"2025-10-16T23:59:59.999Z";"2025-10-16T08:25:00.000Z";"2025-10-16T01:31:00.000Z";"2787";0.9633283473;1.5477346367;0.8965610656;1.1984934484;885088303.9612862;1198943896.2586887;1000000000;"2025-10-16T23:59:59.999Z"
"2025-10-15T00:00:00.000Z";"2025-10-15T23:59:59.999Z";"2025-10-15T00:02:00.000Z";"2025-10-15T20:39:00.000Z";"2787";1.2187464323;1.234063971;0.826229995;0.9633318128;356130261.96912205;964994003.4795284;1000000000;"2025-10-15T23:59:59.999Z"
"2025-10-14T00:00:00.000Z";"2025-10-14T23:59:59.999Z";"2025-10-14T00:43:00.000Z";"2025-10-14T10:48:00.000Z";"2787";1.2979024415;1.3651425139;0.9172466196;1.2190720997;506650292.7534393;1217568487.2040684;1000000000;"2025-10-14T23:59:59.999Z"
"2025-10-13T00:00:00.000Z";"2025-10-13T23:59:59.999Z";"2025-10-13T08:52:00.000Z";"2025-10-13T13:23:00.000Z";"2787";1.3947229172;1.5889928928;1.1400720252;1.297914859;617826926.1770613;1294754180.5136092;1000000000;"2025-10-13T23:59:59.999Z"
"2025-10-12T00:00:00.000Z";"2025-10-12T23:59:59.999Z";"2025-10-12T07:55:00.000Z";"2025-10-12T01:57:00.000Z";"2787";1.4285650429;1.685197885;1.2657936735;1.4002042896;656244274.0800115;1396722435.6600244;1000000000;"2025-10-12T23:59:59.999Z"
"2025-10-11T00:00:00.000Z";"2025-10-11T23:59:59.999Z";"2025-10-11T18:15:00.000Z";"2025-10-11T00:17:00.000Z";"2787";0.916816007;1.6758814643;0.6809698353;1.4285710881;1198976158.792521;1428565042.912525;1000000000;"2025-10-11T23:59:59.999Z"
"2025-10-10T00:00:00.000Z";"2025-10-10T23:59:59.999Z";"2025-10-10T03:31:00.000Z";"2025-10-10T22:29:00.000Z";"2787";1.8945170277;2.3271233496;0.7668423372;0.9195802186;1700564568.500457;917266372.8503953;1000000000;"2025-10-10T23:59:59.999Z"
"2025-10-09T00:00:00.000Z";"2025-10-09T23:59:59.999Z";"2025-10-09T00:32:00.000Z";"2025-10-09T07:23:00.000Z";"2787";2.5842581457;2.8652731384;1.3858851758;1.8943338189;3442688262.859327;1892125128.576643;1000000000;"2025-10-09T23:59:59.999Z"
"2025-10-08T00:00:00.000Z";"2025-10-08T23:59:59.999Z";"2025-10-08T04:11:00.000Z";"2025-10-08T00:44:00.000Z";"2787";2.0973024652;3.6124398301;2.0476007495;2.5851841987;3351834135.698241;2584276294.8616405;1000000000;"2025-10-08T23:59:59.999Z"
"2025-10-07T00:00:00.000Z";"2025-10-07T23:59:59.999Z";"2025-10-07T23:33:00.000Z";"2025-10-07T05:23:00.000Z";"2787";0.3474782122;2.5223607938;0.3252695884;2.0913846081;2984419001.1625314;2097302465.1913419;1000000000;"2025-10-07T23:59:59.999Z"
"2025-10-06T00:00:00.000Z";"2025-10-06T23:59:59.999Z";"2025-10-06T23:59:00.000Z";"2025-10-06T00:07:00.000Z";"2787";0.05239525838682;0.3465892934;0.04896583643251;0.3465892934;330621798.0305238;346586859.3642387;1000000000;"2025-10-06T23:59:59.999Z"
"2025-10-05T00:00:00.000Z";"2025-10-05T23:59:59.999Z";"2025-10-05T21:18:00.000Z";"2025-10-05T16:27:00.000Z";"2787";0.02039892416497;0.05830849787623;0.00703149551118;0.05191162484443;66939779.93381975;51911624.8655048;1000000000;"2025-10-05T23:59:59.999Z"
"2025-10-04T00:00:00.000Z";"2025-10-04T23:59:59.999Z";"2025-10-04T18:51:00.000Z";"2025-10-04T15:01:00.000Z";"2787";0.0007436112438;0.03999983604731;0.0007436112438;0.02036373445625;49116553.306404814;20363734.483634923;1000000000;"2025-10-04T23:59:59.999Z"